no,eval,danceability,energy,key,loudness,mode,speechiness,acousticness,instrumentalness,liveness,valence,tempo,duration_ms,time_signature,popularity,release_date,track.name,track.name
1,3,0.382,0.693,0,-7.077,1,0.0617,0.355,0,0.172,0.318,130.082,326320,4,8,2008/7/9,"Tokyo Disneyland 15th Anniversary Castle Show ""Viva! Magic""(1998)","Tokyo Disneyland 15th Anniversary Castle Show ""Viva! Magic""(1998)"
2,4,0.516,0.607,5,-7.956,1,0.0577,0.402,0,0.21,0.538,85.482,145707,4,15,2008/7/9,Remember the Dream - Edit Version,Remember the Dream - Edit Version
3,1,0.473,0.933,6,-5.85,0,0.156,0.00317,6.52E-06,0.281,0.543,136.505,212747,4,8,2008/7/9,Super Dancin' Mania,Super Dancin' Mania
4,2,0.671,0.941,7,-5.71,1,0.111,0.106,5.62E-06,0.117,0.494,128.145,207120,4,7,2008/7/9,SHOW MODE (Tokyo Disneyland Blazing Rhythms) - Dreams of the 25th Edit Version,SHOW MODE (Tokyo Disneyland Blazing Rhythms) - Dreams of the 25th Edit Version
5,2,0.876,0.912,0,-5.94,1,0.175,0.212,0,0.199,0.679,126.393,379320,4,7,2008/7/9,Tokyo Disneyland Mickey Mania - Dreams of the 25th Edit Version,Tokyo Disneyland Mickey Mania - Dreams of the 25th Edit Version
6,2,0.547,0.799,1,-7.513,1,0.076,0.00384,7.09E-06,0.478,0.606,174.068,341560,4,8,2008/7/9,Huli Huli Ohana Bash - Dreams of the 25th Edit Version,Huli Huli Ohana Bash - Dreams of the 25th Edit Version
7,2,0.551,0.929,6,-5.123,0,0.12,0.000948,0,0.198,0.642,157.123,431547,4,8,2008/7/9,2006 Disney Halloween Parade Scream & Shout - Dreams of the 25th Edit Version,2006 Disney Halloween Parade Scream & Shout - Dreams of the 25th Edit Version
8,4,0.577,0.926,10,-5.499,0,0.259,0.0075,0,0.168,0.589,154.096,311907,4,11,2008/7/9,DisneyÅfs Halloween Happy Haunted Parade - Dreams of the 25th Edit Version,DisneyÅfs Halloween Happy Haunted Parade - Dreams of the 25th Edit Version
9,4,0.574,0.835,2,-5.915,1,0.0415,0.0888,0,0.395,0.688,128.001,514187,4,7,2008/7/9,Disney's Christmas Dreams on Parade 2007 - Dreams of the 25th Edit Version,Disney's Christmas Dreams on Parade 2007 - Dreams of the 25th Edit Version
10,4,0.692,0.864,7,-8.687,0,0.0459,0.0255,0.00907,0.103,0.546,139.978,387427,4,6,2008/7/9,Disney's Rhythms of the World - Dreams of the 25th Edit Version,Disney's Rhythms of the World - Dreams of the 25th Edit Version
11,3,0.293,0.493,8,-7.522,1,0.0454,0.241,0,0.175,0.157,99.554,397307,4,6,2008/7/9,Countdown Party 2008 - Dreams of the 25th Edit Version,Countdown Party 2008 - Dreams of the 25th Edit Version
12,5,0.622,0.804,8,-5.896,1,0.0404,0.112,0,0.172,0.757,93.001,294413,4,6,2008/7/9,Tokyo Disneysea 2nd Anniversary Fantastic Caravan - Dreams of the 25th Edit Version,Tokyo Disneysea 2nd Anniversary Fantastic Caravan - Dreams of the 25th Edit Version
13,4,0.351,0.711,10,-7.978,1,0.111,0.631,0,0.125,0.357,144.125,367800,3,7,2008/7/9,"Port Paradiseo Water Carnival ""Eterno"" - Dreams of the 25th Edit Version","Port Paradiseo Water Carnival ""Eterno"" - Dreams of the 25th Edit Version"
14,3,0.64,0.672,3,-6.225,1,0.0782,0.616,8.67E-05,0.401,0.695,143.636,258573,4,6,2008/7/9,Tokyo Disneyland Parade - Edited version,Tokyo Disneyland Parade - Edited version
15,3,0.66,0.808,5,-3.741,1,0.056,0.695,0.0309,0.294,0.551,132.027,383480,4,6,2008/7/9,Disney Classics On Parade - Edited version,Disney Classics On Parade - Edited version
16,4,0.625,0.616,7,-5.506,1,0.0448,0.53,0,0.603,0.779,133.921,256720,4,12,2008/7/9,10th Anniversary Disney Fantasy On Parade - Tokyo Disneyland Version,10th Anniversary Disney Fantasy On Parade - Tokyo Disneyland Version
18,3,0.598,0.712,9,-7.327,1,0.203,0.475,0,0.0869,0.685,130.055,353227,4,8,2008/7/9,"Tokyo Disneyland 15th Anniversary Special Parade ""Disney Carnivale""","Tokyo Disneyland 15th Anniversary Special Parade ""Disney Carnivale"""
19,3,0.571,0.575,7,-8.194,1,0.0414,0.281,0.001,0.0931,0.417,120.081,545667,4,7,2008/7/9,Tokyo Disneyland Electrical Parade: Dreamlights - Dreams of the 25th Edit Version,Tokyo Disneyland Electrical Parade: Dreamlights - Dreams of the 25th Edit Version
20,4,0.427,0.604,4,-5.019,1,0.0339,0.507,0,0.1,0.474,133.961,167160,4,10,2008/7/9,Tokyo Disneyland 20th Anniversary Disney's Dreams On Parade - Dreams of the 25th Edit Version,Tokyo Disneyland 20th Anniversary Disney's Dreams On Parade - Dreams of the 25th Edit Version
22,4,0.264,0.418,0,-8.729,1,0.0326,0.715,0.459,0.0408,0.356,91.836,150067,1,6,2008/7/9,DisneySea Symphony - Dreams of the 25th Edit Version,DisneySea Symphony - Dreams of the 25th Edit Version
23,2,0.198,0.438,0,-11.371,1,0.0358,0.708,0.808,0.205,0.124,110.62,281373,3,6,2008/7/9,BraviSEAmo! - Dreams of the 25th Edit Version,BraviSEAmo! - Dreams of the 25th Edit Version
24,5,0.654,0.864,8,-8.045,1,0.0415,0.0129,2.43E-05,0.122,0.688,118.039,317387,4,8,2008/7/9,The Legend of Mythica Part6 - Tokyo DisneySea,The Legend of Mythica Part6 - Tokyo DisneySea
25,3,0.493,0.531,5,-6.647,1,0.031,0.677,0,0.176,0.509,149.375,188000,4,12,2008/7/9,Tokyo Disneyland Is Your Land,Tokyo Disneyland Is Your Land
26,3,0.478,0.442,2,-10.626,1,0.0675,0.137,0,0.046,0.443,140.62,466027,4,7,2008/7/9,Show Business,Show Business
27,1,0.405,0.519,2,-9.13,1,0.0425,0.542,0.067,0.141,0.368,146.008,690693,4,5,2008/7/9,It's A Musical World,It's A Musical World
28,2,0.493,0.494,2,-9.316,1,0.035,0.612,0,0.362,0.537,159.774,219453,4,8,2008/7/9,Disney's Magical Dreams (Feel the Magic) Opener,Disney's Magical Dreams (Feel the Magic) Opener
29,2,0.755,0.764,0,-8.866,1,0.0665,0.385,2.61E-06,0.67,0.962,131.119,168533,4,5,2008/7/9,Fiesta Tropical - Tokyo Disneyland,Fiesta Tropical - Tokyo Disneyland
30,2,0.718,0.717,9,-7.259,1,0.0814,0.0971,7.88E-06,0.279,0.839,164.936,165520,4,5,2008/7/9,Kickin' Country - Dreams of the 25th Edit Version,Kickin' Country - Dreams of the 25th Edit Version
31,3,0.315,0.461,7,-6.67,1,0.0321,0.594,5.41E-06,0.243,0.249,132.994,254613,4,7,2008/7/9,Finale,Finale
32,3,0.673,0.923,7,-5.384,0,0.135,0.183,0,0.877,0.61,139.979,179947,4,5,2008/7/9,Mickey's Adventureland Mardi Gras - Dreams of the 25th Edit Version,Mickey's Adventureland Mardi Gras - Dreams of the 25th Edit Version
33,4,0.293,0.617,10,-7.095,1,0.0289,0.141,1.69E-05,0.14,0.485,77.908,116200,4,6,2008/7/9,2nd finale,2nd finale
34,4,0.701,0.79,0,-6.482,1,0.108,0.00831,0,0.152,0.866,132.035,230413,4,9,2008/7/9,GRAND FINALE,GRAND FINALE
35,4,0.509,0.837,5,-5.515,1,0.15,0.0111,5.54E-06,0.246,0.752,78.223,95893,4,5,2008/7/9,Super DuperJumpin' Time - Dreams of the 25th Edit Version,Super DuperJumpin' Time - Dreams of the 25th Edit Version
36,4,0.36,0.532,7,-8.006,1,0.0424,0.464,4.95E-06,0.815,0.474,116.791,192027,5,6,2008/7/9,Lido Isle Meet & Smile,Lido Isle Meet & Smile
37,4,0.549,0.569,0,-5.239,1,0.242,0.159,8.96E-05,0.0833,0.711,155.228,86987,3,6,2008/7/9,Donald's Boat Builders,Donald's Boat Builders
38,5,0.72,0.512,0,-8.924,0,0.107,0.482,1.26E-06,0.0408,0.725,115.03,239520,4,6,2008/7/9,It Don't Mean a Thing,It Don't Mean a Thing
40,5,0.508,0.831,1,-4.958,1,0.0563,0.0601,1.72E-06,0.102,0.556,131.149,482216,4,29,2018/4/25,Happiness Is Here,Happiness Is Here
41,5,0.294,0.769,2,-5.313,1,0.056,0.578,0,0.0993,0.342,116.003,351048,4,21,2018/4/25,Jubilation!,Jubilation!
42,4,0.503,0.717,2,-6.273,1,0.0658,0.492,0,0.193,0.694,138.043,369547,4,21,2018/4/25,"Disney Dreams On Parade ""Moving On"" (Edit version) - Tokyo Disneyland","Disney Dreams On Parade ""Moving On"" (Edit version) - Tokyo Disneyland"
43,4,0.388,0.645,4,-3.707,1,0.0319,0.585,0,0.0724,0.439,134.146,302015,4,19,2018/4/25,Disney's Dreams on Parade,Disney's Dreams on Parade
44,4,0.616,0.883,0,-4.459,1,0.0768,0.14,0,0.108,0.728,131.97,330302,4,18,2018/4/25,Disney on Parade / 100 Years of Magic - Tokyo Disneyland,Disney on Parade / 100 Years of Magic - Tokyo Disneyland
45,4,0.668,0.854,7,-4.84,1,0.134,0.542,0,0.0629,0.565,130.033,247639,4,18,2018/4/25,Disney Carnivale,Disney Carnivale
46,4,0.647,0.668,7,-3.929,1,0.0443,0.519,0,0.109,0.741,133.899,259324,4,11,2018/4/25,10th Anniversary Disney Fantasy On Parade - Tokyo Disneyland Version,10th Anniversary Disney Fantasy On Parade - Tokyo Disneyland Version
47,3,0.574,0.842,0,-5.511,1,0.219,0.274,0,0.0718,0.58,122.748,186275,4,15,2018/4/25,"Disney Party Gras Parade (Edit version) - UCAN ""Happiness""","Disney Party Gras Parade (Edit version) - UCAN ""Happiness"""
48,3,0.616,0.656,0,-5.025,1,0.0305,0.607,0,0.314,0.667,131.907,98404,4,15,2018/4/25,Disney Classics on Parade,Disney Classics on Parade
49,3,0.534,0.742,3,-5.609,1,0.0843,0.591,0,0.343,0.7,143.755,117510,4,16,2018/4/25,Tokyo Disneyland Parade - Tokyo Disneyland,Tokyo Disneyland Parade - Tokyo Disneyland
50,3,0.584,0.605,7,-5.776,1,0.0314,0.528,0.000744,0.101,0.447,120.045,645177,4,26,2018/4/25,Tokyo Disneyland Electrical Parade Dreamlights ~2017 Renewal Version~ - Edited Version,Tokyo Disneyland Electrical Parade Dreamlights ~2017 Renewal Version~ - Edited Version
51,5,0.461,0.584,0,-6.665,1,0.0334,0.76,0.459,0.38,0.294,120.118,346974,4,16,2018/4/25,DisneyÅfs Fantillusion!,DisneyÅfs Fantillusion!
53,5,0.405,0.807,5,-5.507,1,0.113,0.384,0,0.289,0.43,134.02,527621,4,17,2018/4/25,"Be Magical! - UCAN ""Happiness""","Be Magical! - UCAN ""Happiness"""
54,3,0.251,0.604,0,-6.505,1,0.102,0.82,0.00759,0.0766,0.146,57.551,688092,4,23,2018/4/25,Fantasmic!,Fantasmic!
55,3,0.313,0.56,6,-4.637,1,0.0421,0.73,0.001,0.092,0.164,134.998,393068,4,16,2018/4/25,Dreams Within,Dreams Within
56,5,0.639,0.911,8,-4.734,1,0.0711,0.0478,1.81E-05,0.112,0.701,118.016,319269,4,13,2018/4/25,The Legend of Mythica (Edit Version),The Legend of Mythica (Edit Version)
57,4,0.535,0.681,5,-4.675,1,0.0644,0.525,0,0.102,0.493,85.401,148788,4,13,2018/4/25,Remember the Dream - Edit Version,Remember the Dream - Edit Version
58,4,0.644,0.906,7,-4.419,1,0.313,0.468,0,0.135,0.552,135.941,185561,4,15,2018/4/25,Mickey's Gift of Dreams - Edited Version,Mickey's Gift of Dreams - Edited Version
59,4,0.375,0.714,0,-4.268,1,0.0454,0.528,3.52E-06,0.0545,0.453,129.379,483407,4,15,2018/4/25,Viva! Magic,Viva! Magic
60,4,0.326,0.63,0,-7.092,1,0.046,0.686,0.00105,0.136,0.355,153.538,350327,4,14,2018/4/25,"It's Magical! - UCAN ""Happiness""","It's Magical! - UCAN ""Happiness"""
61,4,0.393,0.467,11,-6.858,1,0.0457,0.659,0,0.0776,0.303,153.04,252904,4,12,2018/4/25,One ManÅfs Dream II - Magic Lives On - Edit Version,One ManÅfs Dream II - Magic Lives On - Edit Version
62,4,0.49,0.702,9,-5.553,1,0.22,0.233,0,0.115,0.354,128.837,304977,4,17,2018/4/25,Minnie Oh! Minnie,Minnie Oh! Minnie
63,4,0.312,0.481,7,-8.295,1,0.0435,0.876,7.54E-05,0.289,0.222,119.69,307032,4,28,2018/4/25,Once Upon a Time - Disney on CLASSIC version,Once Upon a Time - Disney on CLASSIC version
64,5,0.759,0.612,6,-5.42,0,0.134,0.216,0.000361,0.0661,0.65,104.998,238519,4,12,2018/4/25,Big Band Beat (Edit Version),Big Band Beat (Edit Version)
65,5,0.534,0.887,7,-6.136,1,0.0984,0.00793,0.0968,0.26,0.392,164.978,328244,4,22,2018/4/25,"DisneyÅfs Easter Wonderland - UCAN ""Happiness""","DisneyÅfs Easter Wonderland - UCAN ""Happiness"""
66,4,0.501,0.671,0,-6.849,1,0.0302,0.0346,0,0.34,0.599,138.969,304129,4,14,2018/4/25,Tanabata Greeting,Tanabata Greeting
67,4,0.686,0.85,5,-6.457,0,0.0887,0.0668,0,0.0606,0.391,136.972,174214,4,19,2018/4/25,"Soryo Kobu ""The Final"" - UCAN ""Happiness""","Soryo Kobu ""The Final"" - UCAN ""Happiness"""
69,4,0.658,0.549,11,-4.838,1,0.0489,0.281,0,0.079,0.77,111.885,352511,4,14,2018/4/25,Happy Halloween Harvest,Happy Halloween Harvest
72,5,0.519,0.484,5,-5.791,1,0.0326,0.416,1.05E-05,0.11,0.262,122.017,264487,4,12,2018/4/25,Welcome to Christmas,Welcome to Christmas
73,4,0.374,0.452,5,-6.34,1,0.0359,0.696,0.000269,0.125,0.395,102.86,344672,4,16,2018/4/25,Frozen Fantasy Parade,Frozen Fantasy Parade
79,2,0.469,0.506,5,-10.542,1,0.0427,0.702,0.000719,0.0846,0.751,99.553,649092,4,26,2018/4/25,Splash Mountain *Ride-Thorough Mix - Tokyo Disneyland,Splash Mountain *Ride-Thorough Mix - Tokyo Disneyland
80,2,0.576,0.478,2,-12.183,0,0.838,0.826,1.22E-06,0.257,0.385,113.205,608770,4,25,2018/4/25,Pirates of the Caribbean *Ride-Through Mix - Tokyo Disneyland,Pirates of the Caribbean *Ride-Through Mix - Tokyo Disneyland
81,2,0.444,0.478,0,-10.59,1,0.0804,0.827,0.00303,0.181,0.432,113.653,316558,4,28,2018/4/25,Pooh's Hunny Hunt *Ride-Through Mix - Tokyo Disneyland,Pooh's Hunny Hunt *Ride-Through Mix - Tokyo Disneyland
82,4,0.312,0.617,10,-6.548,1,0.0435,0.935,0.000477,0.33,0.472,124.164,442589,3,13,2018/4/25,Sindbad Storybook Voyage - Ride-Through mix,Sindbad Storybook Voyage - Ride-Through mix
84,4,0.435,0.516,7,-6.581,1,0.0321,0.726,0,0.0675,0.247,133.77,226149,4,19,2018/4/25,Imagination Song - Tokyo DisneySEA FANTASMIC!,Imagination Song - Tokyo DisneySEA FANTASMIC!
98,4,0.382,0.953,0,-6.288,1,0.213,0.0164,3.76E-06,0.257,0.266,130.885,551120,4,12,2019/2/16,Sansui! Summer Beat - 35th Anniversary Edit Version,Sansui! Summer Beat - 35th Anniversary Edit Version
99,4,0.492,0.2,5,-16.462,1,0.0351,0.847,0.00113,0.137,0.235,115.155,127760,4,11,2019/2/16,Sansui! Summer Beat - After Show BGM,Sansui! Summer Beat - After Show BGM
101,3,0.318,0.819,7,-5.918,1,0.254,0.134,9.68E-06,0.142,0.279,82.967,622120,4,13,2019/2/16,Spooky ÅgBoo!Åh Parade - Edit Version,Spooky ÅgBoo!Åh Parade - Edit Version
105,3,0.729,0.601,7,-6.989,0,0.12,0.795,0.582,0.29,0.875,138.659,136280,4,12,1999/10/13,Good Day Medley,Good Day Medley
106,2,0.572,0.421,0,-14.373,1,0.846,0.782,0,0.218,0.375,113.384,605680,4,12,1999/10/13,Pirates of the Caribbean *Ride-Through Mix - Tokyo Disneyland,Pirates of the Caribbean *Ride-Through Mix - Tokyo Disneyland
107,4,0.643,0.682,5,-12.711,1,0.0649,0.54,0,0.382,0.932,120.728,67960,4,24,1999/10/13,Grim Grinning Ghosts - Tokyo Disneyland,Grim Grinning Ghosts - Tokyo Disneyland
108,3,0.11,0.145,3,-17.387,1,0.0378,0.786,0.00757,0.22,0.23,174.463,68120,5,24,1999/10/13,Peter Pan's Flight - Tokyo Disneyland,Peter Pan's Flight - Tokyo Disneyland
109,4,0.518,0.318,2,-13.696,1,0.0419,0.705,8.99E-06,0.107,0.963,120.449,100773,4,30,1999/10/13,It's a Small World - Tokyo Disneyland,It's a Small World - Tokyo Disneyland
110,3,0.466,0.207,5,-16.706,1,0.0376,0.832,0.882,0.262,0.484,120.434,338893,4,20,1999/10/13,Pinocchio's Daring Journey - Tokyo Disneyland,Pinocchio's Daring Journey - Tokyo Disneyland
111,2,0.486,0.43,7,-14.022,1,0.144,0.661,0,0.131,0.694,132.735,296493,4,22,1999/10/13,[Country Bear Theater] Country Bear Jamboree - Tokyo Disneyland,[Country Bear Theater] Country Bear Jamboree - Tokyo Disneyland
112,2,0.623,0.666,0,-12.966,1,0.0528,0.0356,0.821,0.123,0.894,130.813,219093,4,11,1999/10/13,The Droid Rooms - TDL Star Tours,The Droid Rooms - TDL Star Tours
113,2,0.472,0.472,5,-11.335,1,0.0451,0.698,0.000864,0.196,0.728,99.566,646413,4,12,1999/10/13,Splash Mountain *Ride-Thorough Mix - Tokyo Disneyland,Splash Mountain *Ride-Thorough Mix - Tokyo Disneyland
114,2,0.376,0.681,0,-11.592,1,0.0525,0.954,0.783,0.408,0.895,93.865,140067,4,10,1999/10/13,Bicycle Piano - Street of Fantasy,Bicycle Piano - Street of Fantasy
115,3,0.671,0.757,0,-9.169,1,0.046,0.281,0,0.415,0.9,155.677,174813,4,18,1999/10/13,Welcome to Toontown - Japanese Version,Welcome to Toontown - Japanese Version
116,1,0.339,0.695,7,-12.772,1,0.523,0.424,5.42E-06,0.0793,0.565,81.847,228280,4,21,1999/10/13,Roger Rabbit's Car Toon Spin Ride-Through - Tokyo Disneyland,Roger Rabbit's Car Toon Spin Ride-Through - Tokyo Disneyland
117,2,0.448,0.41,5,-13.194,1,0.0774,0.771,0.00138,0.518,0.467,115.33,313227,4,11,1999/10/13,Pooh's Hunny Hunt *Ride-Through Mix - Tokyo Disneyland,Pooh's Hunny Hunt *Ride-Through Mix - Tokyo Disneyland
118,4,0.233,0.571,9,-10.293,1,0.057,0.494,0,0.0709,0.242,172.308,264867,4,20,1999/10/13,Dreams - Fireworks in TDR,Dreams - Fireworks in TDR
121,3,0.282,0.679,8,-10.335,1,0.0548,0.0826,0,0.34,0.28,139.948,220600,4,17,2013/3/20,Make a Wish - Tokyo Disneyland 20th Anniversary Theme Song,Make a Wish - Tokyo Disneyland 20th Anniversary Theme Song
122,3,0.674,0.8,7,-8.274,1,0.0879,0.538,0,0.313,0.562,129.999,181027,4,8,2013/3/20,Disney Carnivale - Tokyo Disneyland 15th Anniversary,Disney Carnivale - Tokyo Disneyland 15th Anniversary
123,4,0.515,0.626,0,-10.189,1,0.0671,0.575,4.12E-06,0.0491,0.433,153.616,189053,4,16,2013/3/20,Join in - Edit for 30th Tokyo Disney Resort 30th Anniversary Best,Join in - Edit for 30th Tokyo Disney Resort 30th Anniversary Best
124,5,0.454,0.74,4,-6.147,1,0.0457,0.43,0,0.892,0.7,172.046,193720,4,10,2013/3/20,It'll Be Magical - (English)Tokyo DisneySEA 10th Anniversary Theme Song,It'll Be Magical - (English)Tokyo DisneySEA 10th Anniversary Theme Song
125,4,0.461,0.767,10,-6.83,1,0.0535,0.336,0,0.1,0.621,173.945,234187,4,6,2013/3/20,Sea of Dreams - (POP) Tokyo DisneySEA 10th Anniversary Music Album,Sea of Dreams - (POP) Tokyo DisneySEA 10th Anniversary Music Album
126,4,0.201,0.458,9,-7.718,1,0.0457,0.714,0,0.308,0.212,177.045,210987,4,14,2013/3/20,Thanks to You - Tokyo DisneySEA 1st Anniversary Theme Song,Thanks to You - Tokyo DisneySEA 1st Anniversary Theme Song
127,4,0.275,0.487,9,-8.355,1,0.0336,0.768,0,0.375,0.0708,139.941,283427,4,18,2013/3/20,The Dream Goes On - Tokyo Disneyland - Ballad Version,The Dream Goes On - Tokyo Disneyland - Ballad Version
128,3,0.386,0.481,1,-9.188,1,0.0375,0.707,2.32E-06,0.322,0.0741,72.953,293067,4,5,2013/3/20,It'll Be Magical - (Ballad)Tokyo DisneySEA 10th Anniversary Theme Song,It'll Be Magical - (Ballad)Tokyo DisneySEA 10th Anniversary Theme Song
129,4,0.406,0.458,5,-10.234,1,0.0308,0.605,3.01E-06,0.278,0.291,75.887,278933,4,6,2013/3/20,Sea of Dreams,Sea of Dreams
130,4,0.469,0.508,2,-8.222,1,0.031,0.643,0,0.119,0.291,139.907,280467,4,15,2013/3/20,Maho no Kagi ~The Dream Goes On - Tokyo Disney Resort 25th Anniversary Theme Song,Maho no Kagi ~The Dream Goes On - Tokyo Disney Resort 25th Anniversary Theme Song
131,4,0.375,0.497,10,-7.88,1,0.0318,0.593,0,0.261,0.218,75.748,279747,4,6,2013/3/20,Sea of Dreams,Sea of Dreams
132,4,0.489,0.591,5,-5.408,1,0.0332,0.685,0,0.131,0.518,149.41,187147,4,6,2013/3/20,Tokyo Disneyland Is Your Land,Tokyo Disneyland Is Your Land
133,4,0.6,0.774,0,-7.362,1,0.0526,0.109,0.00249,0.0859,0.46,131.909,199120,4,7,2013/3/20,Come With Me~Tokyo DisneySea Theme Song,Come With Me~Tokyo DisneySea Theme Song
135,4,0.451,0.9,5,-5.368,0,0.233,0.0982,5.27E-06,0.0591,0.353,141.016,1355160,4,6,2014/3/19,"Soryo Kobu ""THE FINAL"" - Tokyo Disneyland Natsu Matsuri 2013","Soryo Kobu ""THE FINAL"" - Tokyo Disneyland Natsu Matsuri 2013"
136,4,0.609,0.719,6,-5.039,0,0.0755,0.233,0,0.15,0.784,111.935,1349560,4,10,2014/3/19,Happy Halloween Harvest - Tokyo Disneyland Disney Halloween 2013,Happy Halloween Harvest - Tokyo Disneyland Disney Halloween 2013
137,4,0.553,0.771,7,-4.905,1,0.0489,0.318,0,0.261,0.596,133.922,1328827,4,15,2014/3/19,Santa Village Parade - Tokyo Disneyland Christmas Fantasy 2013 (Tokyo Disneyland 30th,Santa Village Parade - Tokyo Disneyland Christmas Fantasy 2013 (Tokyo Disneyland 30th
138,4,0.481,0.951,2,-7.1,1,0.393,0.225,7.61E-05,0.197,0.24,135.979,991520,4,3,2014/3/19,Minnie's Tropical Splash,Minnie's Tropical Splash
139,4,0.447,0.675,0,-6.033,1,0.314,0.437,5.30E-05,0.247,0.441,126.787,1621680,4,3,2014/3/19,A Halloween Daydream: Skeletons' Surprise,A Halloween Daydream: Skeletons' Surprise
140,4,0.269,0.478,7,-7.612,1,0.0376,0.627,0.000242,0.0799,0.193,86.271,1270040,4,2,2014/3/19,Colors of Christmas - Tokyo DisneySEA Christmas Wishes 2012,Colors of Christmas - Tokyo DisneySEA Christmas Wishes 2012
141,5,0.374,0.601,6,-5.309,1,0.0371,0.0797,5.10E-05,0.155,0.221,136.934,255373,4,24,2014/3/19,Happiness on High - Tokyo Disney Resort 30th Anniversary Fire Work,Happiness on High - Tokyo Disney Resort 30th Anniversary Fire Work
142,3,0.4,0.733,1,-7.733,1,0.0545,0.00535,6.05E-06,0.113,0.342,131.191,2249440,4,9,2014/3/19,Happiness Is Here - Special Version 2014-January,Happiness Is Here - Special Version 2014-January
143,5,0.361,0.828,0,-5.775,1,0.108,0.174,0,0.126,0.38,151.682,296827,4,7,2014/3/19,Holiday Greeting from Seven Port - Tokyo DisneySEA Christmas Wishes 2012 (Edit Version),Holiday Greeting from Seven Port - Tokyo DisneySEA Christmas Wishes 2012 (Edit Version)
144,4,0.301,0.738,10,-7.099,1,0.0476,0.131,1.30E-06,0.508,0.402,113.925,640573,4,15,2014/3/19,"New Day, New Dreams - Tokyo Disney Resort Count Down 2012 to 2013","New Day, New Dreams - Tokyo Disney Resort Count Down 2012 to 2013"
145,4,0.496,0.618,5,-7.748,1,0.0292,0.0315,7.76E-05,0.083,0.252,133,656613,4,16,2014/3/19,Nightfall Glow - Tokyo Disneyland,Nightfall Glow - Tokyo Disneyland
146,3,0.495,0.304,6,-14.084,1,0.0541,0.4,0.989,0.0925,0,145.774,15573,3,0,2014/3/19,Happiness Is Here - Station Music (UP),Happiness Is Here - Station Music (UP)
147,3,0.468,0.298,6,-13.044,1,0.0543,0.85,0.514,0.12,0,140.071,19427,4,0,2014/3/19,Happiness Is Here - Station Music (DOWN),Happiness Is Here - Station Music (DOWN)
148,3,0.454,0.438,9,-8.959,1,0.0282,0.0783,0,0.229,0.0589,113.942,320200,4,9,2014/3/19,Happiness Is Here - Ballad Version,Happiness Is Here - Ballad Version
158,5,0.284,0.511,0,-7.502,1,0.041,0.519,3.23E-05,0.175,0.185,97.617,1235667,4,9,2017/11/22,Colors of Christmas - Tokyo DisneySea 2017,Colors of Christmas - Tokyo DisneySea 2017
159,5,0.192,0.455,0,-8.195,1,0.0358,0.62,5.96E-05,0.346,0.0695,85.942,600733,4,5,2017/11/22,Colors of Christmas: Afterglow - Tokyo DisneySea 2017,Colors of Christmas: Afterglow - Tokyo DisneySea 2017
164,5,0.329,0.5,1,-5.56,1,0.047,0.107,1.57E-05,0.193,0.377,99.372,385960,4,1,2018/3/14,A Perfect Christmas,A Perfect Christmas
166,4,0.395,0.572,5,-5.796,1,0.0609,0.499,9.99E-06,0.353,0.451,121.87,1946300,4,8,2017/11/22,A Perfect Christmas - Tokyo DisneySea 2017,A Perfect Christmas - Tokyo DisneySea 2017
167,5,0.284,0.511,0,-7.502,1,0.041,0.519,3.23E-05,0.175,0.185,97.617,1235667,4,9,2017/11/22,Colors of Christmas - Tokyo DisneySea 2017,Colors of Christmas - Tokyo DisneySea 2017
168,4,0.192,0.455,0,-8.195,1,0.0358,0.62,5.96E-05,0.346,0.0695,85.942,600733,4,5,2017/11/22,Colors of Christmas: Afterglow - Tokyo DisneySea 2017,Colors of Christmas: Afterglow - Tokyo DisneySea 2017
169,5,0.677,0.651,8,-5.034,1,0.122,0.526,1.17E-06,0.037,0.78,115.169,240867,4,12,2017/5/31,It Don't Mean a Thing - Big Band Beat ~TDS15th Anniversary Version,It Don't Mean a Thing - Big Band Beat ~TDS15th Anniversary Version
170,2,0.737,0.182,0,-20.964,1,0.511,0.716,0,0.369,0.763,60.849,46547,3,10,2017/5/31,Sing Sing Sing (Piano Version) - Big Band Beat ~TDS 15th Anniversary Version,Sing Sing Sing (Piano Version) - Big Band Beat ~TDS 15th Anniversary Version
171,3,0.453,0.447,4,-6.591,0,0.0507,0.796,6.84E-06,0.539,0.243,137.946,152693,4,10,2017/5/31,Night and Day - Big Band Beat ~TDS15th Anniversary Version,Night and Day - Big Band Beat ~TDS15th Anniversary Version
172,3,0.459,0.54,7,-7.09,0,0.118,0.717,0,0.235,0.642,88.376,222867,4,10,2017/5/31,"Take the ""A"" Train / The Lady Is a Tramp - Big Band Beat ~TDS15th Anniversary Version","Take the ""A"" Train / The Lady Is a Tramp - Big Band Beat ~TDS15th Anniversary Version"
173,3,0.564,0.186,5,-16.137,1,0.0549,0.722,0.584,0.122,0.693,64.261,46200,4,9,2017/5/31,Stompin' at the Savoy - Big Band Beat ~TDS15th Anniversary Version,Stompin' at the Savoy - Big Band Beat ~TDS15th Anniversary Version
174,2,0.642,0.734,7,-5.576,0,0.262,0.563,4.01E-06,0.0877,0.62,92.741,136693,4,10,2017/5/31,Jumpin' Jive - Big Band Beat ~TDS15th Anniversary Version,Jumpin' Jive - Big Band Beat ~TDS15th Anniversary Version
175,3,0.585,0.663,7,-5.753,0,0.149,0.625,1.74E-06,0.0575,0.796,109.703,143440,4,11,2017/5/31,Diga Diga Doo - Big Band Beat ~TDS15th Anniversary Version,Diga Diga Doo - Big Band Beat ~TDS15th Anniversary Version
176,3,0.416,0.567,7,-6.455,1,0.0554,0.75,0,0.158,0.523,92.853,141027,4,10,2017/5/31,Cheek to Cheek - Big Band Beat ~TDS15th Anniversary Version,Cheek to Cheek - Big Band Beat ~TDS15th Anniversary Version
177,4,0.419,0.809,8,-5.604,1,0.174,0.656,1.02E-05,0.385,0.905,200.652,211040,4,10,2017/5/31,Four Brothers - Big Band Beat ~TDS15th Anniversary Version,Four Brothers - Big Band Beat ~TDS15th Anniversary Version
178,3,0.484,0.608,3,-5.799,1,0.119,0.433,4.16E-05,0.532,0.655,169.665,197053,4,9,2017/5/31,Bye Bye Blackbird (Duet Version) - Big Band Beat ~TDS15th Anniversary Version,Bye Bye Blackbird (Duet Version) - Big Band Beat ~TDS15th Anniversary Version
179,4,0.757,0.595,1,-6.437,1,0.158,0.195,0.000199,0.0649,0.569,105.274,235947,4,11,2017/5/31,Sing Sing Sing - Big Band Beat ~TDS15th Anniversary Version,Sing Sing Sing - Big Band Beat ~TDS15th Anniversary Version
180,4,0.544,0.559,2,-6.068,0,0.0422,0.475,0.0015,0.0783,0.797,70.028,78053,5,13,2017/5/31,It Don't Mean a Thing (Curtain Call) - Big Band Beat ~Since 2017~,It Don't Mean a Thing (Curtain Call) - Big Band Beat ~Since 2017~
181,3,0.425,0.566,7,-7.028,1,0.104,0.368,2.90E-06,0.667,0.586,169.95,199373,3,16,2017/5/31,'S Wonderful - Big Band Beat ~Since 2017~,'S Wonderful - Big Band Beat ~Since 2017~
182,3,0.521,0.591,0,-5.305,1,0.0737,0.702,0,0.292,0.649,170.235,203400,4,17,2017/5/31,All of Me - Big Band Beat ~Since 2017~,All of Me - Big Band Beat ~Since 2017~
183,3,0.455,0.641,3,-5.806,1,0.115,0.533,0,0.33,0.64,169.434,199480,4,11,2017/5/31,Bye Bye Blackbird (Solo Version) - Big Band Beat ~Since 2017~,Bye Bye Blackbird (Solo Version) - Big Band Beat ~Since 2017~
184,5,0.389,0.682,2,-8.692,1,0.168,0.153,8.40E-06,0.0496,0.404,143.963,1658427,4,18,2017/2/22,Crystal Wishes Journey: Shine On! - Tokyo DisneySea,Crystal Wishes Journey: Shine On! - Tokyo DisneySea
185,5,0.477,0.726,0,-6.392,0,0.196,0.604,0,0.0874,0.579,95.648,978653,4,11,2017/2/22,"Big Band Beat (15th Anniversary Version) - Remember Tokyo DisneySea 15th Anniversary ""The Year of Wishes""","Big Band Beat (15th Anniversary Version) - Remember Tokyo DisneySea 15th Anniversary ""The Year of Wishes"""
186,3,0.465,0.542,8,-9.029,1,0.0381,0.503,0,0.0673,0.521,101.841,163400,4,14,2017/2/22,"Out of Shadowland - Remember Tokyo DisneySea 15th Anniversary ""The Year of Wishes""","Out of Shadowland - Remember Tokyo DisneySea 15th Anniversary ""The Year of Wishes"""
187,5,0.49,0.723,4,-6.326,0,0.0412,0.143,0,0.101,0.537,144.071,220227,4,6,2017/2/22,When Your Heart Makes a Wish - Tokyo DisneySea,When Your Heart Makes a Wish - Tokyo DisneySea
188,5,0.325,0.613,5,-6.205,1,0.0588,0.389,0,0.112,0.279,135.395,747187,4,5,2017/2/22,"Tanabata Greeting - Remember Tokyo DisneySea 15th Anniversary ""The Year of Wishes""","Tanabata Greeting - Remember Tokyo DisneySea 15th Anniversary ""The Year of Wishes"""
189,5,0.451,0.751,7,-6.372,1,0.243,0.177,0,0.126,0.368,137.48,566707,4,7,2017/2/22,"Minnie's Tropical Splash - Remember Tokyo DisneySea 15th Anniversary ""The Year of Wishes""","Minnie's Tropical Splash - Remember Tokyo DisneySea 15th Anniversary ""The Year of Wishes"""
190,5,0.294,0.776,9,-10.148,1,0.095,0.00164,0.0019,0.0582,0.191,137.919,545467,4,15,2017/2/22,"The VillainsÅf World ~Wishes and Desires~ - Remember Tokyo DisneySea 15th Anniversary ""The Year of Wishes""","The VillainsÅf World ~Wishes and Desires~ - Remember Tokyo DisneySea 15th Anniversary ""The Year of Wishes"""
191,5,0.264,0.51,2,-6.825,1,0.0559,0.659,3.74E-06,0.0679,0.255,69.314,607893,4,5,2017/2/22,"Colors of Christmas: Nighttime Wishes - Remember Tokyo DisneySea 15th Anniversary ""The Year of Wishes""","Colors of Christmas: Nighttime Wishes - Remember Tokyo DisneySea 15th Anniversary ""The Year of Wishes"""
192,5,0.38,0.538,7,-5.562,1,0.0495,0.167,1.41E-05,0.0988,0.498,124.912,594187,4,5,2017/2/22,"A Perfect Christmas - Remember Tokyo DisneySea 15th Anniversary ""The Year of Wishes""","A Perfect Christmas - Remember Tokyo DisneySea 15th Anniversary ""The Year of Wishes"""
193,4,0.604,0.274,7,-10.316,1,0.0408,0.839,0.0926,0.287,0,139.697,17840,4,0,2017/2/22,"Maihama Station Train Melody When Your Heart Makes a Wish (Platform 2) - Remember Tokyo DisneySea 15th Anniversary ""The Year of Wishes""","Maihama Station Train Melody When Your Heart Makes a Wish (Platform 2) - Remember Tokyo DisneySea 15th Anniversary ""The Year of Wishes"""
194,5,0.437,0.39,7,-9.849,1,0.041,0.779,0.858,0.618,0,143.586,15640,4,0,2017/2/22,"Maihama Station Train Melody: When Your Heart Makes a Wish (Platform 1) - Remember Tokyo DisneySea 15th Anniversary ""The Year of Wishes""","Maihama Station Train Melody: When Your Heart Makes a Wish (Platform 1) - Remember Tokyo DisneySea 15th Anniversary ""The Year of Wishes"""
196,5,0.254,0.414,0,-9.628,1,0.0429,0.581,4.81E-05,0.103,0.179,155.807,1390080,4,2,2016/11/23,Colors of Christmas: Nighttime Wishes - Tokyo DisneySea 2016,Colors of Christmas: Nighttime Wishes - Tokyo DisneySea 2016
197,4,0.125,0.285,0,-12.67,1,0.0381,0.961,0.914,0.22,0.141,59.988,320107,4,23,2016/6/29,Mermaid Lagoon Overture,Mermaid Lagoon Overture
198,5,0.478,0.566,5,-8.724,1,0.108,0.765,4.86E-06,0.124,0.428,117.838,836307,4,9,2016/6/29,Mermaid Lagoon Theater:King Triton's Concert,Mermaid Lagoon Theater:King Triton's Concert
199,5,0.483,0.563,5,-10.355,1,0.043,0.183,0.583,0.1,0.852,106.739,290667,4,17,2016/6/29,Deepwater BGM,Deepwater BGM
200,4,0.214,0.281,0,-12.727,1,0.0336,0.969,0.921,0.326,0.195,102.001,263240,4,17,2016/6/29,Flounder's Flying Fish Coaster BGM,Flounder's Flying Fish Coaster BGM
201,3,0.797,0.534,8,-11.936,1,0.0593,0.79,0.00467,0.257,0.948,90.135,152547,4,16,2016/6/29,Scuttle's Scooter,Scuttle's Scooter
202,2,0.479,0.329,0,-9.468,1,0.0305,0.718,0.112,0.0827,0.6,135.058,307773,4,15,2016/6/29,Kiss De Girl Fashions BGM,Kiss De Girl Fashions BGM
203,4,0.559,0.646,9,-11.503,0,0.246,0.313,0.00347,0.0887,0.675,115.798,253267,4,16,2016/6/29,Sebastian's Caiypso Kitchen BGM,Sebastian's Caiypso Kitchen BGM
204,3,0.184,0.315,0,-14.884,0,0.0373,0.892,0.92,0.105,0.124,137.407,307480,3,6,2016/6/29,Galleon Graveyard BGM,Galleon Graveyard BGM
205,2,0.542,0.211,1,-14.759,1,0.0361,0.948,0.216,0.0809,0.258,126.99,324333,4,8,2016/6/29,Ariel's Grotto BGM,Ariel's Grotto BGM
206,1,0.311,0.471,8,-14.704,1,0.0593,0.81,0.935,0.108,0.335,114.315,310213,4,5,2016/6/29,Ursula's Dungeon BGM,Ursula's Dungeon BGM
207,2,0.646,0.335,7,-10.107,1,0.114,0.244,0.000505,0.0725,0.645,119.979,241667,3,7,2016/6/29,Kelp Forest BGM,Kelp Forest BGM
208,4,0.434,0.473,10,-7.799,1,0.193,0.942,0.882,0.0861,0.276,176.397,64960,3,6,2016/6/29,Triton's Kingdom Entrance Fanfares - King Triton Castle,Triton's Kingdom Entrance Fanfares - King Triton Castle
210,4,0.277,0.554,5,-5.989,1,0.0359,0.727,1.10E-05,0.313,0.252,135.945,505880,4,9,2016/4/20,Tokyo DisneySea Suite,Tokyo DisneySea Suite
212,2,0.182,0.247,5,-14.832,0,0.041,0.849,0.862,0.155,0.0541,150.706,436547,4,15,2016/4/20,Tower of Terror - TDS 15th Anniversary Music Album (Delux),Tower of Terror - TDS 15th Anniversary Music Album (Delux)
214,4,0.29,0.592,10,-7.055,1,0.0394,0.86,0.83,0.103,0.225,138.034,213680,4,9,2016/4/20,StormRider Suite (Attraction Music),StormRider Suite (Attraction Music)
215,5,0.132,0.288,10,-11.552,1,0.0325,0.612,0.91,0.0963,0.0981,81.127,173253,4,9,2016/4/20,Journey to the Center of the Earth (Attraction Music),Journey to the Center of the Earth (Attraction Music)
216,3,0.144,0.241,0,-12.025,1,0.0323,0.953,0.837,0.366,0.0328,76.009,188840,3,8,2016/4/20,"20,000 Leagues Under the Sea (Attraction Music)","20,000 Leagues Under the Sea (Attraction Music)"
217,4,0.262,0.645,5,-8.429,1,0.0518,0.749,0.819,0.168,0.0979,77.962,201013,4,7,2016/4/20,Indiana Jones Adventure: Temple of the Crystal Skull (Attraction Music),Indiana Jones Adventure: Temple of the Crystal Skull (Attraction Music)
218,4,0.476,0.192,0,-12.984,0,0.0333,0.841,0.233,0.0888,0.485,136.891,150907,4,7,2016/4/20,The Magic Lamp Theater Suite (Attraction Music),The Magic Lamp Theater Suite (Attraction Music)
221,5,0.468,0.607,0,-4.928,1,0.152,0.555,0,0.27,0.639,143.313,215107,4,7,2016/4/20,A Table is Waiting - Short Version for TDS 15th Anniversary Music Album,A Table is Waiting - Short Version for TDS 15th Anniversary Music Album
225,3,0.33,0.451,3,-5.557,1,0.0357,0.735,0,0.0993,0.444,85.492,216173,4,9,2016/4/20,Swept Away - Japanese Version,Swept Away - Japanese Version
226,5,0.444,0.719,1,-4.264,1,0.0444,0.81,0,0.072,0.666,173.544,190960,4,8,2016/4/20,Meet & Smile - Edited for Tokyo DisneySEA 10th Anniversary Music Album,Meet & Smile - Edited for Tokyo DisneySEA 10th Anniversary Music Album
227,4,0.418,0.484,0,-5.927,1,0.0873,0.622,3.62E-06,0.356,0.409,154.308,359907,4,7,2016/4/20,Over The Waves (Edit Version)~Opening Scene,Over The Waves (Edit Version)~Opening Scene
229,4,0.445,0.673,10,-4.624,1,0.0784,0.525,1.46E-06,0.14,0.648,141.784,435120,4,7,2016/4/20,"Porto Paradiso Water Carnival - UCAN ""Happiness""","Porto Paradiso Water Carnival - UCAN ""Happiness"""
230,3,0.818,0.725,0,-5.478,1,0.059,0.536,1.19E-06,0.179,0.846,143.937,196000,4,5,2016/4/20,Sail Away - Edited for Tokyo DisneySEA 10th Anniversary Music Album,Sail Away - Edited for Tokyo DisneySEA 10th Anniversary Music Album
235,5,0.413,0.707,0,-6.586,1,0.0411,0.611,0,0.0957,0.504,149.753,308427,4,8,2016/4/20,Sweetheart Romance - Tokyo DisneySEA Season of the Heart Theme,Sweetheart Romance - Tokyo DisneySEA Season of the Heart Theme
236,5,0.498,0.714,3,-5.8,1,0.0547,0.649,0,0.226,0.749,152.116,315667,4,8,2016/4/20,Fairies Primavera - Short version for TDS 15th Anniversary Music Album,Fairies Primavera - Short version for TDS 15th Anniversary Music Album
237,4,0.587,0.74,10,-5.396,0,0.081,0.709,0,0.0883,0.557,151.928,170427,4,5,2016/4/20,"That's Disneytainment with Mickey - UCAN ""Happiness""","That's Disneytainment with Mickey - UCAN ""Happiness"""
239,5,0.421,0.982,9,-5.301,0,0.399,0.0339,0,0.339,0.374,140.049,286920,4,9,2016/4/20,Bon Fire Dance - Short version for TDS 15th Anniversary Music Album,Bon Fire Dance - Short version for TDS 15th Anniversary Music Album
240,5,0.522,0.928,7,-4.214,1,0.254,0.142,8.61E-06,0.121,0.383,138.115,366187,4,7,2016/4/20,Minnie's Tropical Splash - Short version for TDS 15th anniversary music album,Minnie's Tropical Splash - Short version for TDS 15th anniversary music album
241,3,0.631,0.721,0,-5.705,0,0.0578,0.126,1.81E-06,0.0577,0.678,127.076,183707,4,6,2016/4/20,Style! - Dramatic DisneySea 2004 at Tokyo DisneySea Style!,Style! - Dramatic DisneySea 2004 at Tokyo DisneySea Style!
242,5,0.334,0.699,5,-7.327,0,0.0382,0.00656,0.000203,0.145,0.202,123.077,293867,4,23,2016/4/20,Mysterious Masquerade - Edited for Tokyo DisneySEA 10th Anniversary Music Album,Mysterious Masquerade - Edited for Tokyo DisneySEA 10th Anniversary Music Album
244,4,0.697,0.835,1,-5.566,1,0.182,0.126,0,0.0377,0.607,139.958,302320,4,18,2016/4/20,"Chip 'n Dale's Skelton Fiesta - UCAN ""Happiness""","Chip 'n Dale's Skelton Fiesta - UCAN ""Happiness"""
246,4,0.451,0.667,6,-4.99,1,0.0316,0.625,0,0.293,0.209,89.954,219640,4,10,2016/4/20,Christmas Family - Short English version for TDS 15th anniversary music album,Christmas Family - Short English version for TDS 15th anniversary music album
249,5,0.323,0.338,0,-14.982,1,0.0454,0.894,0.869,0.113,0.201,125.81,826067,4,15,2008,Aquasphere Plaza~Day,Aquasphere Plaza~Day
250,5,0.547,0.426,4,-12.589,1,0.0366,0.697,0,0.31,0.5,133.763,173307,4,15,2008,Porto Paradiso (Port Theme Song)-Mediterranean Harbor,Porto Paradiso (Port Theme Song)-Mediterranean Harbor
251,5,0.37,0.397,7,-11.9,1,0.0379,0.757,0,0.0982,0.802,207.71,135987,4,17,2008,American Waterfront (Port Theme Song),American Waterfront (Port Theme Song)
252,5,0.498,0.414,0,-13.755,1,0.0324,0.225,0,0.425,0.487,114.961,144080,4,15,2008,Port Discovery Theme (Port Theme Song),Port Discovery Theme (Port Theme Song)
254,4,0.486,0.634,9,-11.739,0,0.0727,0.436,0.000386,0.201,0.457,102.149,156520,3,13,2008,Lost River (Port Theme Song),Lost River (Port Theme Song)
256,4,0.316,0.364,5,-13.758,1,0.0348,0.219,4.94E-06,0.219,0.258,136.508,194693,4,15,2008,Arabian Coast (Port Theme Song),Arabian Coast (Port Theme Song)
259,4,0.148,0.325,10,-13.463,1,0.0333,0.363,0,0.26,0.291,176.001,162027,3,18,2008,A Mermaid Song (Port Theme Song),A Mermaid Song (Port Theme Song)
260,3,0.378,0.289,5,-13.281,1,0.0372,0.684,0.00133,0.706,0.451,100.382,408413,4,16,2008,Mermaid Lagoon Theater (Live Entertainment),Mermaid Lagoon Theater (Live Entertainment)
261,4,0.204,0.404,10,-11.953,0,0.0358,0.506,0.143,0.297,0.0715,136.973,130493,4,14,2008,Mysterious Island (Port Theme Song),Mysterious Island (Port Theme Song)
339,2,0.513,0.482,5,-9.683,1,0.039,0.651,0.00131,0.0982,0.672,113.041,408800,4,19,2019/1/30,Lilo's Luau & Fun,Lilo's Luau & Fun
340,2,0.521,0.445,7,-9.809,1,0.234,0.633,2.50E-06,0.321,0.512,93.574,2015693,3,13,2019/1/30,Mickey's Rainbow Luau,Mickey's Rainbow Luau
341,3,0.558,0.686,0,-5.322,1,0.0424,0.349,0,0.222,0.639,132.004,1210667,4,17,2017/11/22,Disney Christmas Stories - Tokyo Disneyland 2016,Disney Christmas Stories - Tokyo Disneyland 2016
342,3,0.574,0.628,7,-6.331,1,0.0337,0.279,7.61E-05,0.134,0.383,120.141,1570333,4,14,2017/11/22,Tokyo Disneyland Electrical Parade Dreamlights ~ Christmas Version ~ - Tokyo Disneyland 2017,Tokyo Disneyland Electrical Parade Dreamlights ~ Christmas Version ~ - Tokyo Disneyland 2017
343,4,0.318,0.539,7,-8.371,1,0.042,0.753,0.00293,0.148,0.189,113.927,128960,4,6,2018/11/20,Celebration Street,Celebration Street
344,3,0.393,0.925,7,-4.511,1,0.167,0.241,0,0.318,0.693,166.061,756400,4,15,2018/3/14,Usatama on the Run! - Edit Version,Usatama on the Run! - Edit Version
346,3,0.426,0.827,5,-5.421,0,0.0432,0.00507,0.00899,0.288,0.208,142.11,551800,4,3,2018/3/14,Halloween Pop'n LIVE,Halloween Pop'n LIVE
347,5,0.678,0.725,0,-4.433,1,0.0362,0.315,0,0.16,0.785,131.953,471733,4,2,2018/3/14,Disney Christmas Stories,Disney Christmas Stories
348,4,0.339,0.187,11,-12.874,1,0.0393,0.935,0,0.11,0.183,139.968,185707,4,3,2018/3/14,The Gifts of Christmas,The Gifts of Christmas
352,3,0.411,0.33,4,-9.847,1,0.0434,0.586,1.82E-05,0.638,0.248,128.7,118747,3,17,2014/6/18,Prologue - Minnie Oh! Minnie 2014,Prologue - Minnie Oh! Minnie 2014
353,4,0.616,0.904,7,-4.856,1,0.237,0.139,0,0.345,0.548,128.773,183560,4,10,2014/6/18,Opening - Minnie Oh! Minnie 2014,Opening - Minnie Oh! Minnie 2014
354,3,0.776,0.87,11,-7.406,0,0.185,0.0521,0.00119,0.54,0.784,154.126,117720,4,16,2014/6/18,Dance - Minnie Oh! Minnie 2014,Dance - Minnie Oh! Minnie 2014
355,3,0.525,0.717,0,-7.163,0,0.0757,0.0586,0.0236,0.0724,0.696,93.275,180533,4,8,2014/6/18,Rhythm - Minnie Oh! Minnie 2014,Rhythm - Minnie Oh! Minnie 2014
356,3,0.513,0.432,8,-6.973,0,0.0315,0.692,0,0.0956,0.348,94.456,141133,4,14,2014/6/18,Song - Minnie Oh! Minnie 2014,Song - Minnie Oh! Minnie 2014
357,3,0.68,0.709,0,-5.977,1,0.0522,0.0027,0.00287,0.0441,0.938,126.172,170507,4,7,2014/6/18,Tropical Beauties - Minnie Oh! Minnie 2014,Tropical Beauties - Minnie Oh! Minnie 2014
358,3,0.848,0.738,4,-7.856,0,0.1,0.0589,5.40E-05,0.148,0.955,106.492,198653,4,6,2014/6/18,Comedy - Minnie Oh! Minnie 2014,Comedy - Minnie Oh! Minnie 2014
359,4,0.54,0.909,7,-6.828,1,0.18,0.0386,8.36E-06,0.113,0.848,133.935,221573,4,17,2014/6/18,First Finale - Minnie Oh! Minnie 2014,First Finale - Minnie Oh! Minnie 2014
360,5,0.679,0.806,7,-5.992,1,0.126,0.0125,0,0.141,0.792,132.037,233000,4,18,2014/6/18,Grand Finale - Minnie Oh! Minnie 2014,Grand Finale - Minnie Oh! Minnie 2014
361,5,0.554,0.884,2,-5.573,1,0.188,0.00227,0.0456,0.0647,0.931,137.96,64227,4,17,2014/6/18,Chaser - Minnie Oh! Minnie 2014,Chaser - Minnie Oh! Minnie 2014
362,4,0.476,0.875,8,-6.618,1,0.189,0.137,0,0.0816,0.45,138.394,763067,4,15,2012/7/25,"Soryo Kobu ""The Hot Challenge"" (One Cool Family vs Spicy Cavallero ~ featuring Clarice) - Tokyo Disneyland Summer Festival : 1st Game","Soryo Kobu ""The Hot Challenge"" (One Cool Family vs Spicy Cavallero ~ featuring Clarice) - Tokyo Disneyland Summer Festival : 1st Game"
363,3,0.462,0.864,5,-6.294,0,0.188,0.142,0,0.0838,0.387,141.268,782187,4,15,2012/7/25,"Soryo Kobu ""The Hot Challenge"" (Heartbeat Idols vs Perfect Polkadot) - Tokyo Disneyland Summer Festival : 2nd Game","Soryo Kobu ""The Hot Challenge"" (Heartbeat Idols vs Perfect Polkadot) - Tokyo Disneyland Summer Festival : 2nd Game"
364,3,0.462,0.864,5,-6.481,0,0.16,0.125,1.38E-06,0.279,0.342,142.086,778413,4,3,2012/7/25,"Soryo Kobu ""The Hot Challenge"" (Paradise Pop Pack vs Rhythmic Beat Makers) - Tokyo Disneyland Summer Festival : 3rd Game","Soryo Kobu ""The Hot Challenge"" (Paradise Pop Pack vs Rhythmic Beat Makers) - Tokyo Disneyland Summer Festival : 3rd Game"
365,4,0.429,0.887,5,-5.76,0,0.128,0.0689,0,0.09,0.413,141.052,774560,4,3,2012/7/25,"Soryo Kobu ""The Hot Challenge"" (Wild Wild Heart vs The Secret Challengers) - Tokyo Disneyland Summer Festival : 4th Game","Soryo Kobu ""The Hot Challenge"" (Wild Wild Heart vs The Secret Challengers) - Tokyo Disneyland Summer Festival : 4th Game"
366,3,0.454,0.878,5,-6.195,0,0.198,0.109,0,0.076,0.36,141.281,1209613,4,9,2012/7/25,"Soryo Kobu ""The Final"" - Tokyo Disneyland Summer Festival","Soryo Kobu ""The Final"" - Tokyo Disneyland Summer Festival"
367,4,0.393,0.352,4,-11.455,1,0.0467,0.642,0,0.1,0.323,153.141,251347,4,28,2005/3/16,Opening,Opening
368,2,0.478,0.618,2,-10.894,1,0.146,0.195,0.000147,0.108,0.338,106.793,376547,4,15,2005/3/16,animals and insects,animals and insects
369,3,0.3,0.508,5,-13.007,1,0.196,0.652,0.000144,0.346,0.308,80.688,262893,4,19,2005/3/16,Adventure(Pirates),Adventure(Pirates)
370,3,0.423,0.808,10,-7.778,1,0.133,0.0499,0.000642,0.6,0.212,145.062,209360,4,20,2005/3/16,Villains,Villains
371,4,0.29,0.315,2,-14.012,1,0.0394,0.756,0.000173,0.337,0.095,81.199,174240,4,15,2005/3/16,Love,Love
372,3,0.54,0.537,5,-11.96,1,0.266,0.303,3.81E-06,0.0879,0.605,79.946,127773,4,13,2005/3/16,Film Studio,Film Studio
373,5,0.504,0.469,9,-9.852,0,0.125,0.463,0,0.243,0.633,128.696,151187,1,19,2005/3/16,Hollywood,Hollywood
374,5,0.595,0.667,4,-6.061,1,0.0403,0.184,0,0.129,0.444,149.954,152720,4,24,2005/3/16,1st finale,1st finale
375,5,0.352,0.611,10,-7.078,1,0.0303,0.195,6.95E-06,0.187,0.515,156.384,118720,4,29,2005/3/16,2nd finale,2nd finale
377,3,0.316,0.4,0,-15.592,1,0.0355,0.705,0.00846,0.176,0.315,139.81,139600,4,15,1999/10/13,Fairy Garden Fantasy,Fairy Garden Fantasy
378,2,0.479,0.343,0,-16.958,0,0.0464,0.766,0.00586,0.428,0.309,120.081,546867,4,16,1999/10/13,The Evil Villains,The Evil Villains
379,2,0.375,0.453,10,-17.719,1,0.055,0.47,0.0902,0.102,0.197,132.945,139400,4,12,1999/10/13,The Light Turns Into Night and The Ghouls Dance,The Light Turns Into Night and The Ghouls Dance
380,4,0.435,0.268,0,-15.287,1,0.0343,0.841,0.12,0.168,0.292,119.896,692800,4,17,1999/10/13,The Happy Ending (Heroes and Heroines),The Happy Ending (Heroes and Heroines)
381,4,0.282,0.222,10,-16.914,1,0.0334,0.789,0.152,0.334,0.133,68.008,139907,4,13,1999/10/13,The Happy Ending Medley,The Happy Ending Medley
382,5,0.464,0.175,0,-20.902,1,0.0347,0.788,0.768,0.228,0.391,120.041,108867,4,15,1999/10/13,"The Enchanted Fairy garden Underliner - Left/ Fantillusion Theme, Dragonfiles and Fairies Varietion - Right","The Enchanted Fairy garden Underliner - Left/ Fantillusion Theme, Dragonfiles and Fairies Varietion - Right"
383,2,0.539,0.251,0,-19.421,0,0.0462,0.74,0.00775,0.384,0.377,119.879,108627,4,11,1999/10/13,"The Evil Theme, Underliner - Left/ Jafer - Right","The Evil Theme, Underliner - Left/ Jafer - Right"
384,4,0.468,0.176,0,-19.982,1,0.035,0.885,0.162,0.353,0.536,120.04,109213,4,16,1999/10/13,The Happy Ending (Heroes and Heroines) Underliner-Left / Beauty and the Beast-Right,The Happy Ending (Heroes and Heroines) Underliner-Left / Beauty and the Beast-Right